{
  "ratio_xonly_over_xy_at_g0.6": 3.9892321337041254,
  "ratio_ci": [
    3.6183821512584955,
    4.391974981559109
  ],
  "n_trials": 60
}